"item_id","root_name","disease_id","disease_name","calculated_dw","article_number","title","authors","pubmed","PMID","doi","DOI","pmc","PMCID","pubtypes","weight"
"2","Cranberry",35,"Coronary Disease",16,1,"Effects of cranberry juice consumption on vascular function in patients with coronary artery disease.","Dohadwala MM, Holbrook M, Hamburg NM, Shenouda SM, Chung WB, Titas M, Kluge MA, Wang N, Palmisano J, Milbury PE, Blumberg JB, Vita JA","https://pubmed.ncbi.nlm.nih.gov/21411615/","21411615","https://doi.org/10.3945/ajcn.110.004242","10.3945/ajcn.110.004242","https://www.ncbi.nlm.nih.gov/pmc/articles/PMC3076649/","PMC3076649","Journal Article, Randomized Controlled Trial, Research Support, N.I.H., Extramural, Research Support, Non-U.S. Gov't",4
"6","Crowberry",35,"Coronary Disease",16,1,"Effects of cranberry juice consumption on vascular function in patients with coronary artery disease.","Dohadwala MM, Holbrook M, Hamburg NM, Shenouda SM, Chung WB, Titas M, Kluge MA, Wang N, Palmisano J, Milbury PE, Blumberg JB, Vita JA","https://pubmed.ncbi.nlm.nih.gov/21411615/","21411615","https://doi.org/10.3945/ajcn.110.004242","10.3945/ajcn.110.004242","https://www.ncbi.nlm.nih.gov/pmc/articles/PMC3076649/","PMC3076649","Journal Article, Randomized Controlled Trial, Research Support, N.I.H., Extramural, Research Support, Non-U.S. Gov't",4
"7","Strawberry",35,"Coronary Disease",1,1,"Consumption of flavonoid-rich fruits and risk of CHD: a prospective cohort study.","Yang Y, Dong JY, Cui R, Muraki I, Yamagishi K, Sawada N, Iso H, Tsugane S, Japan Public Health Center-based Prospective Study Group","https://pubmed.ncbi.nlm.nih.gov/32513342/","32513342","https://doi.org/10.1017/S0007114520001993","10.1017/S0007114520001993","No PMC available",,"Journal Article, Research Support, Non-U.S. Gov't",0
"11","Sea Buckthorn",35,"Coronary Disease",1,1,"Anti-atherogenic effects of seabuckthorn (Hippophaea rhamnoides) seed oil.","Basu M, Prasad R, Jayamurthy P, Pal K, Arumughan C, Sawhney RC","https://pubmed.ncbi.nlm.nih.gov/17498939/","17498939","https://doi.org/10.1016/j.phymed.2007.03.018","10.1016/j.phymed.2007.03.018","No PMC available",,"Journal Article",0
"16","Zereshk",35,"Coronary Disease",1,1,"Effect of berberine on global modulation of lncRNAs and mRNAs expression profiles in patients with stable coronary heart disease.","Han YC, Xie HZ, Lu B, Xiang RL, Li JY, Qian H, Zhang SY","https://pubmed.ncbi.nlm.nih.gov/35619068/","35619068","https://doi.org/10.1186/s12864-022-08641-2","10.1186/s12864-022-08641-2","https://www.ncbi.nlm.nih.gov/pmc/articles/PMC9134690/","PMC9134690","Journal Article",0
"22","Grape",35,"Coronary Disease",96,1,"Polyphenolic compounds from red grapes acutely improve endothelial function in patients with coronary heart disease.","Lekakis J, Rallidis LS, Andreadou I, Vamvakou G, Kazantzoglou G, Magiatis P, Skaltsounis AL, Kremastinos DT","https://pubmed.ncbi.nlm.nih.gov/16319551/","16319551","https://doi.org/10.1097/00149831-200512000-00013","10.1097/00149831-200512000-00013","No PMC available",,"Journal Article, Randomized Controlled Trial",4
"22","Grape",35,"Coronary Disease",96,2,"Grape resveratrol increases serum adiponectin and downregulates inflammatory genes in peripheral blood mononuclear cells: a triple-blind, placebo-controlled, one-year clinical trial in patients with stable coronary artery disease.","Tomé-Carneiro J, Gonzálvez M, Larrosa M, Yáñez-Gascón MJ, García-Almagro FJ, Ruiz-Ros JA, Tomás-Barberán FA, García-Conesa MT, Espín JC","https://pubmed.ncbi.nlm.nih.gov/23224687/","23224687","https://doi.org/10.1007/s10557-012-6427-8","10.1007/s10557-012-6427-8","https://www.ncbi.nlm.nih.gov/pmc/articles/PMC3555235/","PMC3555235","Journal Article, Randomized Controlled Trial, Research Support, N.I.H., Extramural, Research Support, Non-U.S. Gov't",4
"22","Grape",35,"Coronary Disease",96,3,"One-year supplementation with a grape extract containing resveratrol modulates inflammatory-related microRNAs and cytokines expression in peripheral blood mononuclear cells of type 2 diabetes and hypertensive patients with coronary artery disease.","Tomé-Carneiro J, Larrosa M, Yáñez-Gascón MJ, Dávalos A, Gil-Zamorano J, Gonzálvez M, García-Almagro FJ, Ruiz Ros JA, Tomás-Barberán FA, Espín JC, García-Conesa MT","https://pubmed.ncbi.nlm.nih.gov/23557933/","23557933","https://doi.org/10.1016/j.phrs.2013.03.011","10.1016/j.phrs.2013.03.011","No PMC available",,"Clinical Trial, Journal Article, Research Support, Non-U.S. Gov't",4
"22","Grape",35,"Coronary Disease",96,4,"The ""French Paradox"" and beyond: neuroprotective effects of polyphenols.","Sun AY, Simonyi A, Sun GY","https://pubmed.ncbi.nlm.nih.gov/11841921/","11841921","https://doi.org/10.1016/s0891-5849(01)00803-6","10.1016/s0891-5849(01)00803-6","No PMC available",,"Journal Article, Research Support, U.S. Gov't, P.H.S., Review",2
"22","Grape",35,"Coronary Disease",96,5,"Potential health benefits from the flavonoids in grape products on vascular disease.","Folts JD","https://pubmed.ncbi.nlm.nih.gov/12083471/","12083471","https://doi.org/10.1007/978-1-4757-5235-9_9","10.1007/978-1-4757-5235-9_9","No PMC available",,"Journal Article, Review",2
"22","Grape",35,"Coronary Disease",96,6,"Grape flavonoids and menopausal health.","Huntley AL","https://pubmed.ncbi.nlm.nih.gov/18088528/","18088528","https://doi.org/10.1258/175404507783004177","10.1258/175404507783004177","No PMC available",,"Journal Article, Review",2
"22","Grape",35,"Coronary Disease",96,7,"Botanical flavonoids on coronary heart disease.","Wang CZ, Mehendale SR, Calway T, Yuan CS","https://pubmed.ncbi.nlm.nih.gov/21721147/","21721147","https://doi.org/10.1142/S0192415X1100910X","10.1142/S0192415X1100910X","https://www.ncbi.nlm.nih.gov/pmc/articles/PMC3277260/","PMC3277260","Journal Article, Research Support, N.I.H., Extramural, Review",2
"22","Grape",35,"Coronary Disease",96,8,"Beneficial effects of grape resveratrol on serum adiponectin and inflammation: clinical trial in patients with stable coronary artery disease: editorial to: ""Grape resveratrol increases serum adiponectin and downregulates inflammatory genes in peripheral blood mononuclear cells: a triple-blind, placebo-controlled, one-year clinical trial in patients with stable coronary artery disease"" by J. Tomé-Carneiro et al.","Das SK, Patel VB, Oudit GY","https://pubmed.ncbi.nlm.nih.gov/23292168/","23292168","https://doi.org/10.1007/s10557-012-6434-9","10.1007/s10557-012-6434-9","No PMC available",,"Editorial, Research Support, Non-U.S. Gov't, Comment",1
"22","Grape",35,"Coronary Disease",96,9,"Heartier grape juice?","","https://pubmed.ncbi.nlm.nih.gov/15104079/","15104079","No DOI available",,"No PMC available",,"Journal Article",0
"22","Grape",35,"Coronary Disease",96,10,"A study of antioxidant properties of some varieties of grapes (Vitis vinifera L.).","Kedage VV, Tilak JC, Dixit GB, Devasagayam TP, Mhatre M","https://pubmed.ncbi.nlm.nih.gov/17364701/","17364701","https://doi.org/10.1080/10408390600634598","10.1080/10408390600634598","No PMC available",,"Journal Article",0
"22","Grape",35,"Coronary Disease",96,11,"Consumption of flavonoid-rich fruits and risk of CHD: a prospective cohort study.","Yang Y, Dong JY, Cui R, Muraki I, Yamagishi K, Sawada N, Iso H, Tsugane S, Japan Public Health Center-based Prospective Study Group","https://pubmed.ncbi.nlm.nih.gov/32513342/","32513342","https://doi.org/10.1017/S0007114520001993","10.1017/S0007114520001993","No PMC available",,"Journal Article, Research Support, Non-U.S. Gov't",0
"30","Melon",35,"Coronary Disease",2,1,"Network pharmacology analysis and experimental verification of the antithrombotic active compounds of trichosanthis pericarpium (Gualoupi) in treating coronary heart disease.","Xia KR, Zhang XY, Zhang HQ, Su KL, Shang EX, Xiao QL, Li WW, Guo S, Duan JA, Liu P","https://pubmed.ncbi.nlm.nih.gov/38614263/","38614263","https://doi.org/10.1016/j.jep.2024.118158","10.1016/j.jep.2024.118158","No PMC available",,"Journal Article",0
"30","Melon",35,"Coronary Disease",2,2,"[Mechanism of Trichosanthis Pericarpium in treating intermingled phlegm and blood stasis syndrome of coronary heart disease based on transcriptomics and metabolomics].","Sun T, Zhang ZW, Gao HD, Li SJ, Wang HY, Wang JX, Zhao QT","https://pubmed.ncbi.nlm.nih.gov/41507750/","41507750","https://doi.org/10.19540/j.cnki.cjcmm.20250512.401","10.19540/j.cnki.cjcmm.20250512.401","No PMC available",,"English Abstract, Journal Article",0
"32","Apricot",35,"Coronary Disease",100,1,"Dose response of almonds on coronary heart disease risk factors: blood lipids, oxidized low-density lipoproteins, lipoprotein(a), homocysteine, and pulmonary nitric oxide: a randomized, controlled, crossover trial.","Jenkins DJ, Kendall CW, Marchie A, Parker TL, Connelly PW, Qian W, Haight JS, Faulkner D, Vidgen E, Lapsley KG, Spiller GA","https://pubmed.ncbi.nlm.nih.gov/12221048/","12221048","https://doi.org/10.1161/01.cir.0000028421.91733.20","10.1161/01.cir.0000028421.91733.20","No PMC available",,"Clinical Trial, Comparative Study, Journal Article, Randomized Controlled Trial, Research Support, Non-U.S. Gov't",4
"32","Apricot",35,"Coronary Disease",100,2,"Effects of almond dietary supplementation on coronary heart disease lipid risk factors and serum lipid oxidation parameters in men with mild hyperlipidemia.","Jalali-Khanabadi BA, Mozaffari-Khosravi H, Parsaeyan N","https://pubmed.ncbi.nlm.nih.gov/21114415/","21114415","https://doi.org/10.1089/acm.2009.0693","10.1089/acm.2009.0693","No PMC available",,"Clinical Trial, Journal Article",4
"32","Apricot",35,"Coronary Disease",100,3,"Effect of almond consumption on the serum fatty acid profile: a dose-response study.","Nishi S, Kendall CW, Gascoyne AM, Bazinet RP, Bashyam B, Lapsley KG, Augustin LS, Sievenpiper JL, Jenkins DJ","https://pubmed.ncbi.nlm.nih.gov/25138064/","25138064","https://doi.org/10.1017/S0007114514001640","10.1017/S0007114514001640","https://www.ncbi.nlm.nih.gov/pmc/articles/PMC4189119/","PMC4189119","Journal Article, Randomized Controlled Trial, Research Support, Non-U.S. Gov't",4
"32","Apricot",35,"Coronary Disease",100,4,"Effect of almond consumption on vascular function in patients with coronary artery disease: a randomized, controlled, cross-over trial.","Chen CY, Holbrook M, Duess MA, Dohadwala MM, Hamburg NM, Asztalos BF, Milbury PE, Blumberg JB, Vita JA","https://pubmed.ncbi.nlm.nih.gov/26080804/","26080804","https://doi.org/10.1186/s12937-015-0049-5","10.1186/s12937-015-0049-5","https://www.ncbi.nlm.nih.gov/pmc/articles/PMC4469426/","PMC4469426","Journal Article, Randomized Controlled Trial, Research Support, Non-U.S. Gov't, Research Support, U.S. Gov't, Non-P.H.S.",4
"32","Apricot",35,"Coronary Disease",100,5,"Effect of a 12-Week Almond-Enriched Diet on Biomarkers of Cognitive Performance, Mood, and Cardiometabolic Health in Older Overweight Adults.","Coates AM, Morgillo S, Yandell C, Scholey A, Buckley JD, Dyer KA, Hill AM","https://pubmed.ncbi.nlm.nih.gov/32340150/","32340150","https://doi.org/10.3390/nu12041180","10.3390/nu12041180","https://www.ncbi.nlm.nih.gov/pmc/articles/PMC7230374/","PMC7230374","Journal Article, Randomized Controlled Trial",4
"32","Apricot",35,"Coronary Disease",100,6,"Almond protects the liver in coronary artery disease: A randomized controlled clinical trial.","Jamshed H, Arslan J, Sultan FT, Siddiqi HS, Qasim M, Hassan Gilani AU","https://pubmed.ncbi.nlm.nih.gov/34057922/","34057922","https://doi.org/10.47391/JPMA.198","10.47391/JPMA.198","No PMC available",,"Journal Article, Randomized Controlled Trial",4
"32","Apricot",35,"Coronary Disease",100,7,"Effect on hematologic risk factors for coronary heart disease of a cholesterol reducing diet.","Jenkins DJ, Kendall CW, Nguyen TH, Teitel J, Marchie A, Chiu M, Taha AY, Faulkner DA, Kemp T, Wong JM, de Souza R, Emam A, Trautwein EA, Lapsley KG, Holmes C, Josse RG, Leiter LA, Singer W","https://pubmed.ncbi.nlm.nih.gov/17136042/","17136042","https://doi.org/10.1038/sj.ejcn.1602551","10.1038/sj.ejcn.1602551","No PMC available",,"Journal Article, Research Support, Non-U.S. Gov't",0
"37","Olive",35,"Coronary Disease",40,1,"Olive oil consumption and risk of CHD and/or stroke: a meta-analysis of case-control, cohort and intervention studies.","Martínez-González MA, Dominguez LJ, Delgado-Rodríguez M","https://pubmed.ncbi.nlm.nih.gov/24775425/","24775425","https://doi.org/10.1017/S0007114514000713","10.1017/S0007114514000713","No PMC available",,"Comparative Study, Journal Article, Meta-Analysis, Research Support, Non-U.S. Gov't",5
"37","Olive",35,"Coronary Disease",40,2,"Antitumor Perspectives of Oleuropein and Its Metabolite Hydroxytyrosol: Recent Updates.","Imran M, Nadeem M, Gilani SA, Khan S, Sajid MW, Amir RM","https://pubmed.ncbi.nlm.nih.gov/29928786/","29928786","https://doi.org/10.1111/1750-3841.14198","10.1111/1750-3841.14198","No PMC available",,"Journal Article, Review",2
"37","Olive",35,"Coronary Disease",40,3,"Olive oil intake and CHD in the European Prospective Investigation into Cancer and Nutrition Spanish cohort.","Buckland G, Travier N, Barricarte A, Ardanaz E, Moreno-Iribas C, Sánchez MJ, Molina-Montes E, Chirlaque MD, Huerta JM, Navarro C, Redondo ML, Amiano P, Dorronsoro M, Larrañaga N, Gonzalez CA","https://pubmed.ncbi.nlm.nih.gov/23006416/","23006416","https://doi.org/10.1017/S000711451200298X","10.1017/S000711451200298X","No PMC available",,"Journal Article, Research Support, Non-U.S. Gov't",0
"38","Banana",35,"Coronary Disease",16,1,"Effects of Anacetrapib in Patients with Atherosclerotic Vascular Disease.","HPS3/TIMI55–REVEAL Collaborative Group, Bowman L, Hopewell JC, Chen F, Wallendszus K, Stevens W, Collins R, Wiviott SD, Cannon CP, Braunwald E, Sammons E, Landray MJ","https://pubmed.ncbi.nlm.nih.gov/28847206/","28847206","https://doi.org/10.1056/NEJMoa1706444","10.1056/NEJMoa1706444","No PMC available",,"Clinical Trial, Phase III, Journal Article, Multicenter Study, Randomized Controlled Trial, Research Support, Non-U.S. Gov't",4
"39","Lemon",35,"Coronary Disease",14,1,"Acute myocardial infarction associated with dietary supplements containing 1,3-dimethylamylamine and Citrus aurantium.","Smith TB, Staub BA, Natarajan GM, Lasorda DM, Poornima IG","https://pubmed.ncbi.nlm.nih.gov/24512406/","24512406","https://doi.org/10.14503/THIJ-12-2870","10.14503/THIJ-12-2870","https://www.ncbi.nlm.nih.gov/pmc/articles/PMC3967491/","PMC3967491","Case Reports, Journal Article",2
"39","Lemon",35,"Coronary Disease",14,2,"Grapefruit pectin inhibits hypercholesterolemia and atherosclerosis in miniature swine.","Baekey PA, Cerda JJ, Burgin CW, Robbins FL, Rice RW, Baumgartner TG","https://pubmed.ncbi.nlm.nih.gov/2852566/","2852566","https://doi.org/10.1002/clc.4960110903","10.1002/clc.4960110903","No PMC available",,"Journal Article, Research Support, Non-U.S. Gov't",0
"39","Lemon",35,"Coronary Disease",14,3,"Inhibition of atherosclerosis by dietary pectin in microswine with sustained hypercholesterolemia.","Cerda JJ, Normann SJ, Sullivan MP, Burgin CW, Robbins FL, Vathada S, Leelachaikul P","https://pubmed.ncbi.nlm.nih.gov/8124813/","8124813","https://doi.org/10.1161/01.cir.89.3.1247","10.1161/01.cir.89.3.1247","No PMC available",,"Journal Article, Research Support, Non-U.S. Gov't",0
"39","Lemon",35,"Coronary Disease",14,4,"Naringenin inhibits angiotensin II-induced vascular smooth muscle cells proliferation and migration and decreases neointimal hyperplasia in balloon injured rat carotid arteries through suppressing oxidative stress.","Xu C, Chen J, Zhang J, Hu X, Zhou X, Lu Z, Jiang H","https://pubmed.ncbi.nlm.nih.gov/23912743/","23912743","https://doi.org/10.1248/bpb.b13-00247","10.1248/bpb.b13-00247","No PMC available",,"Journal Article, Research Support, Non-U.S. Gov't",0
"39","Lemon",35,"Coronary Disease",14,5,"Quantity and variety in fruit and vegetable intake and risk of coronary heart disease.","Bhupathiraju SN, Wedick NM, Pan A, Manson JE, Rexrode KM, Willett WC, Rimm EB, Hu FB","https://pubmed.ncbi.nlm.nih.gov/24088718/","24088718","https://doi.org/10.3945/ajcn.113.066381","10.3945/ajcn.113.066381","https://www.ncbi.nlm.nih.gov/pmc/articles/PMC3831537/","PMC3831537","Journal Article, Research Support, N.I.H., Extramural, Research Support, Non-U.S. Gov't",0
"39","Lemon",35,"Coronary Disease",14,6,"Preventive effect of yuzu and hesperidin on left ventricular remodeling and dysfunction in rat permanent left anterior descending coronary artery occlusion model.","Yu HY, Ahn JH, Park SW, Jung YS","https://pubmed.ncbi.nlm.nih.gov/25559243/","25559243","https://doi.org/10.1371/journal.pone.0110596","10.1371/journal.pone.0110596","https://www.ncbi.nlm.nih.gov/pmc/articles/PMC4283954/","PMC4283954","Journal Article, Research Support, Non-U.S. Gov't",0
"40","Cherry",35,"Coronary Disease",100,1,"Dose response of almonds on coronary heart disease risk factors: blood lipids, oxidized low-density lipoproteins, lipoprotein(a), homocysteine, and pulmonary nitric oxide: a randomized, controlled, crossover trial.","Jenkins DJ, Kendall CW, Marchie A, Parker TL, Connelly PW, Qian W, Haight JS, Faulkner D, Vidgen E, Lapsley KG, Spiller GA","https://pubmed.ncbi.nlm.nih.gov/12221048/","12221048","https://doi.org/10.1161/01.cir.0000028421.91733.20","10.1161/01.cir.0000028421.91733.20","No PMC available",,"Clinical Trial, Comparative Study, Journal Article, Randomized Controlled Trial, Research Support, Non-U.S. Gov't",4
"40","Cherry",35,"Coronary Disease",100,2,"Effects of almond dietary supplementation on coronary heart disease lipid risk factors and serum lipid oxidation parameters in men with mild hyperlipidemia.","Jalali-Khanabadi BA, Mozaffari-Khosravi H, Parsaeyan N","https://pubmed.ncbi.nlm.nih.gov/21114415/","21114415","https://doi.org/10.1089/acm.2009.0693","10.1089/acm.2009.0693","No PMC available",,"Clinical Trial, Journal Article",4
"40","Cherry",35,"Coronary Disease",100,3,"Effect of almond consumption on the serum fatty acid profile: a dose-response study.","Nishi S, Kendall CW, Gascoyne AM, Bazinet RP, Bashyam B, Lapsley KG, Augustin LS, Sievenpiper JL, Jenkins DJ","https://pubmed.ncbi.nlm.nih.gov/25138064/","25138064","https://doi.org/10.1017/S0007114514001640","10.1017/S0007114514001640","https://www.ncbi.nlm.nih.gov/pmc/articles/PMC4189119/","PMC4189119","Journal Article, Randomized Controlled Trial, Research Support, Non-U.S. Gov't",4
"40","Cherry",35,"Coronary Disease",100,4,"Effect of almond consumption on vascular function in patients with coronary artery disease: a randomized, controlled, cross-over trial.","Chen CY, Holbrook M, Duess MA, Dohadwala MM, Hamburg NM, Asztalos BF, Milbury PE, Blumberg JB, Vita JA","https://pubmed.ncbi.nlm.nih.gov/26080804/","26080804","https://doi.org/10.1186/s12937-015-0049-5","10.1186/s12937-015-0049-5","https://www.ncbi.nlm.nih.gov/pmc/articles/PMC4469426/","PMC4469426","Journal Article, Randomized Controlled Trial, Research Support, Non-U.S. Gov't, Research Support, U.S. Gov't, Non-P.H.S.",4
"40","Cherry",35,"Coronary Disease",100,5,"Effect of a 12-Week Almond-Enriched Diet on Biomarkers of Cognitive Performance, Mood, and Cardiometabolic Health in Older Overweight Adults.","Coates AM, Morgillo S, Yandell C, Scholey A, Buckley JD, Dyer KA, Hill AM","https://pubmed.ncbi.nlm.nih.gov/32340150/","32340150","https://doi.org/10.3390/nu12041180","10.3390/nu12041180","https://www.ncbi.nlm.nih.gov/pmc/articles/PMC7230374/","PMC7230374","Journal Article, Randomized Controlled Trial",4
"40","Cherry",35,"Coronary Disease",100,6,"Almond protects the liver in coronary artery disease: A randomized controlled clinical trial.","Jamshed H, Arslan J, Sultan FT, Siddiqi HS, Qasim M, Hassan Gilani AU","https://pubmed.ncbi.nlm.nih.gov/34057922/","34057922","https://doi.org/10.47391/JPMA.198","10.47391/JPMA.198","No PMC available",,"Journal Article, Randomized Controlled Trial",4
"40","Cherry",35,"Coronary Disease",100,7,"Effect on hematologic risk factors for coronary heart disease of a cholesterol reducing diet.","Jenkins DJ, Kendall CW, Nguyen TH, Teitel J, Marchie A, Chiu M, Taha AY, Faulkner DA, Kemp T, Wong JM, de Souza R, Emam A, Trautwein EA, Lapsley KG, Holmes C, Josse RG, Leiter LA, Singer W","https://pubmed.ncbi.nlm.nih.gov/17136042/","17136042","https://doi.org/10.1038/sj.ejcn.1602551","10.1038/sj.ejcn.1602551","No PMC available",,"Journal Article, Research Support, Non-U.S. Gov't",0
"41","Fruit Salad",35,"Coronary Disease",915,1,"Whole grain foods and heart disease risk.","Anderson JW, Hanna TJ, Peng X, Kryscio RJ","https://pubmed.ncbi.nlm.nih.gov/10875600/","10875600","https://doi.org/10.1080/07315724.2000.10718963","10.1080/07315724.2000.10718963","No PMC available",,"Journal Article, Meta-Analysis",5
"41","Fruit Salad",35,"Coronary Disease",915,2,"Increased consumption of fruit and vegetables is related to a reduced risk of coronary heart disease: meta-analysis of cohort studies.","He FJ, Nowson CA, Lucas M, MacGregor GA","https://pubmed.ncbi.nlm.nih.gov/17443205/","17443205","https://doi.org/10.1038/sj.jhh.1002212","10.1038/sj.jhh.1002212","No PMC available",,"Journal Article, Meta-Analysis",5
"41","Fruit Salad",35,"Coronary Disease",915,3,"Food groups and risk of coronary heart disease, stroke and heart failure: A systematic review and dose-response meta-analysis of prospective studies.","Bechthold A, Boeing H, Schwedhelm C, Hoffmann G, Knüppel S, Iqbal K, De Henauw S, Michels N, Devleesschauwer B, Schlesinger S, Schwingshackl L","https://pubmed.ncbi.nlm.nih.gov/29039970/","29039970","https://doi.org/10.1080/10408398.2017.1392288","10.1080/10408398.2017.1392288","No PMC available",,"Journal Article, Meta-Analysis, Systematic Review",5
"41","Fruit Salad",35,"Coronary Disease",915,4,"The diet and moderate exercise trial (DAMET): results after 24 weeks.","Singh RB, Rastogi SS, Ghosh S, Niaz MA, Singh NK","https://pubmed.ncbi.nlm.nih.gov/1290315/","1290315","No DOI available",,"No PMC available",,"Clinical Trial, Journal Article, Randomized Controlled Trial",4
"41","Fruit Salad",35,"Coronary Disease",915,5,"Effects of guava intake on serum total and high-density lipoprotein cholesterol levels and on systemic blood pressure.","Singh RB, Rastogi SS, Singh R, Ghosh S, Niaz MA","https://pubmed.ncbi.nlm.nih.gov/1332463/","1332463","https://doi.org/10.1016/0002-9149(92)90763-o","10.1016/0002-9149(92)90763-o","No PMC available",,"Clinical Trial, Journal Article, Randomized Controlled Trial",4
"41","Fruit Salad",35,"Coronary Disease",915,6,"Dietary intake in the Multiple Risk Factor Intervention Trial (MRFIT): nutrient and food group changes over 6 years.","Gorder DD, Dolecek TA, Coleman GG, Tillotson JL, Brown HB, Lenz-Litzow K, Bartsch GE, Grandits G","https://pubmed.ncbi.nlm.nih.gov/3519736/","3519736","No DOI available",,"No PMC available",,"Clinical Trial, Journal Article, Randomized Controlled Trial, Research Support, U.S. Gov't, P.H.S.",4
"41","Fruit Salad",35,"Coronary Disease",915,7,"A cholesterol intervention program for public health nurses in the rural southeast: description of the intervention, study design, and baseline results.","Keyserling TC, Ammerman AS, Atwood JR, Hosking JD, Krasny C, Zayed H, Worthy BH","https://pubmed.ncbi.nlm.nih.gov/10388332/","10388332","https://doi.org/10.1046/j.1525-1446.1999.00156.x","10.1046/j.1525-1446.1999.00156.x","No PMC available",,"Clinical Trial, Journal Article, Multicenter Study, Randomized Controlled Trial, Research Support, U.S. Gov't, P.H.S.",4
"41","Fruit Salad",35,"Coronary Disease",915,8,"Group office visits change dietary habits of patients with coronary artery disease-the dietary intervention and evaluation trial (D.I.E.T.).","Masley S, Phillips S, Copeland JR","https://pubmed.ncbi.nlm.nih.gov/11252212/","11252212","No DOI available",,"No PMC available",,"Clinical Trial, Journal Article, Randomized Controlled Trial, Research Support, Non-U.S. Gov't",4
"41","Fruit Salad",35,"Coronary Disease",915,9,"Comparison of antioxidant efficacy of vitamin E, vitamin C, vitamin A and fruits in coronary heart disease: a controlled trial.","Singhal S, Gupta R, Goyle A","https://pubmed.ncbi.nlm.nih.gov/11291971/","11291971","No DOI available",,"No PMC available",,"Clinical Trial, Comparative Study, Journal Article, Randomized Controlled Trial",4
"41","Fruit Salad",35,"Coronary Disease",915,10,"Low-fat dietary pattern and risk of cardiovascular disease: the Women's Health Initiative Randomized Controlled Dietary Modification Trial.","Howard BV, Van Horn L, Hsia J, Manson JE, Stefanick ML, Wassertheil-Smoller S, Kuller LH, LaCroix AZ, Langer RD, Lasser NL, Lewis CE, Limacher MC, Margolis KL, Mysiw WJ, Ockene JK, Parker LM, Perri MG, Phillips L, Prentice RL, Robbins J, Rossouw JE, Sarto GE, Schatz IJ, Snetselaar LG, Stevens VJ, Tinker LF, Trevisan M, Vitolins MZ, Anderson GL, Assaf AR, Bassford T, Beresford SA, Black HR, Brunner RL, Brzyski RG, Caan B, Chlebowski RT, Gass M, Granek I, Greenland P, Hays J, Heber D, Heiss G, Hendrix SL, Hubbell FA, Johnson KC, Kotchen JM","https://pubmed.ncbi.nlm.nih.gov/16467234/","16467234","https://doi.org/10.1001/jama.295.6.655","10.1001/jama.295.6.655","No PMC available",,"Journal Article, Multicenter Study, Randomized Controlled Trial, Research Support, N.I.H., Extramural",4
"41","Fruit Salad",35,"Coronary Disease",915,11,"Effect of onsite dietitian counseling on weight loss and lipid levels in an outpatient physician office.","Welty FK, Nasca MM, Lew NS, Gregoire S, Ruan Y","https://pubmed.ncbi.nlm.nih.gov/17599444/","17599444","https://doi.org/10.1016/j.amjcard.2007.02.056","10.1016/j.amjcard.2007.02.056","https://www.ncbi.nlm.nih.gov/pmc/articles/PMC2726994/","PMC2726994","Clinical Trial, Journal Article",4
"41","Fruit Salad",35,"Coronary Disease",915,12,"No difference in lifestyle changes by adding individual counselling to group-based rehabilitation RCT among coronary heart disease patients.","Mildestvedt T, Meland E, Eide GE","https://pubmed.ncbi.nlm.nih.gov/17852978/","17852978","https://doi.org/10.1080/14034940701349241","10.1080/14034940701349241","No PMC available",,"Journal Article, Randomized Controlled Trial, Research Support, Non-U.S. Gov't",4
"41","Fruit Salad",35,"Coronary Disease",915,13,"The effect of dietary patterns on estimated coronary heart disease risk: results from the Dietary Approaches to Stop Hypertension (DASH) trial.","Chen ST, Maruthur NM, Appel LJ","https://pubmed.ncbi.nlm.nih.gov/20807884/","20807884","https://doi.org/10.1161/CIRCOUTCOMES.109.930685","10.1161/CIRCOUTCOMES.109.930685","https://www.ncbi.nlm.nih.gov/pmc/articles/PMC3005367/","PMC3005367","Journal Article, Randomized Controlled Trial, Research Support, N.I.H., Extramural, Research Support, Non-U.S. Gov't",4
"41","Fruit Salad",35,"Coronary Disease",915,14,"The effects of a lifestyle-focused text-messaging intervention on adherence to dietary guideline recommendations in patients with coronary heart disease: an analysis of the TEXT ME study.","Santo K, Hyun K, de Keizer L, Thiagalingam A, Hillis GS, Chalmers J, Redfern J, Chow CK","https://pubmed.ncbi.nlm.nih.gov/29792202/","29792202","https://doi.org/10.1186/s12966-018-0677-1","10.1186/s12966-018-0677-1","https://www.ncbi.nlm.nih.gov/pmc/articles/PMC5967045/","PMC5967045","Journal Article, Randomized Controlled Trial, Research Support, Non-U.S. Gov't",4
"41","Fruit Salad",35,"Coronary Disease",915,15,"Success in Achieving the Targets of the 20-Year Infancy-Onset Dietary Intervention: Association With Insulin Sensitivity and Serum Lipids.","Laitinen TT, Nuotio J, Juonala M, Niinikoski H, Rovio S, Viikari JSA, Rönnemaa T, Magnussen CG, Jokinen E, Lagström H, Jula A, Simell O, Raitakari OT, Pahkala K","https://pubmed.ncbi.nlm.nih.gov/30072407/","30072407","https://doi.org/10.2337/dc18-0869","10.2337/dc18-0869","No PMC available",,"Journal Article, Randomized Controlled Trial, Research Support, Non-U.S. Gov't",4
"41","Fruit Salad",35,"Coronary Disease",915,16,"Longitudinal effect of 20-year infancy-onset dietary intervention on food consumption and nutrient intake: the randomized controlled STRIP study.","Matthews LA, Rovio SP, Jaakkola JM, Niinikoski H, Lagström H, Jula A, Viikari JSA, Rönnemaa T, Simell O, Raitakari OT, Pahkala K","https://pubmed.ncbi.nlm.nih.gov/30397257/","30397257","https://doi.org/10.1038/s41430-018-0350-4","10.1038/s41430-018-0350-4","No PMC available",,"Journal Article, Randomized Controlled Trial, Research Support, Non-U.S. Gov't",4
"41","Fruit Salad",35,"Coronary Disease",915,17,"[Comparative evaluation of nutrition of healthy persons, patients with the preclinical stage of ischemic heart disease and in patients with marked coronary disease].","Aronov DM, Eganian RA, Kovaleva OF, Zhidko NI, Dannelov GE, Rozhnov AV, Shcherbakova IA","https://pubmed.ncbi.nlm.nih.gov/1921132/","1921132","No DOI available",,"No PMC available",,"Comparative Study, Journal Article",3
"41","Fruit Salad",35,"Coronary Disease",915,18,"[Modifying increased plasma cholesterol levels in secondary prevention of coronary heart disease].","Jost S, Lichtlen PR","https://pubmed.ncbi.nlm.nih.gov/7571764/","7571764","No DOI available",,"No PMC available",,"Comparative Study, English Abstract, Journal Article, Research Support, Non-U.S. Gov't, Review",3
"41","Fruit Salad",35,"Coronary Disease",915,19,"Do hydroxy-carotenoids prevent coronary heart disease? A comparison between Belfast and Toulouse.","Howard AN, Williams NR, Palmer CR, Cambou JP, Evans AE, Foote JW, Marques-Vidal P, McCrum EE, Ruidavets JB, Nigdikar SV, Rajput-Williams J, Thurnham DI","https://pubmed.ncbi.nlm.nih.gov/8843985/","8843985","No DOI available",,"No PMC available",,"Comparative Study, Journal Article, Multicenter Study, Research Support, Non-U.S. Gov't",3
"41","Fruit Salad",35,"Coronary Disease",915,20,"Dietary patterns and the risk of coronary heart disease among Jordanians: A case-control study.","Tayyem RF, Al-Shudifat AE, Johannessen A, Bawadi HA, AbuMweis SS, Agraib LM, Allhedan SS, Haj-Husein I, Azab M","https://pubmed.ncbi.nlm.nih.gov/29237548/","29237548","https://doi.org/10.1016/j.numecd.2017.10.026","10.1016/j.numecd.2017.10.026","No PMC available",,"Comparative Study, Journal Article",3
"41","Fruit Salad",35,"Coronary Disease",915,21,"Potential and limitations of health policy to improve coronary heart disease prevention and to reduce the burden of disease: A Russian experience.","Pogosova N, Oganov R, Saner H, Suvorov S, Sokolova O","https://pubmed.ncbi.nlm.nih.gov/29635927/","29635927","https://doi.org/10.1177/2047487318768030","10.1177/2047487318768030","No PMC available",,"Journal Article, Multicenter Study",3
"41","Fruit Salad",35,"Coronary Disease",915,22,"Dyslipoproteinemia in the elderly. Special considerations.","Luepker RV","https://pubmed.ncbi.nlm.nih.gov/2192881/","2192881","No DOI available",,"No PMC available",,"Journal Article, Review",2
"41","Fruit Salad",35,"Coronary Disease",915,23,"Dietary fiber and health. AMA council on Scientific Affairs.","","https://pubmed.ncbi.nlm.nih.gov/2558005/","2558005","No DOI available",,"No PMC available",,"Journal Article, Review",2
"41","Fruit Salad",35,"Coronary Disease",915,24,"Traditional Greek diet and coronary heart disease.","Trichopoulou A, Lagiou P, Trichopoulos D","https://pubmed.ncbi.nlm.nih.gov/7614424/","7614424","No DOI available",,"No PMC available",,"Journal Article, Research Support, Non-U.S. Gov't, Review",2
"41","Fruit Salad",35,"Coronary Disease",915,25,"Diet and coronary heart disease--a review.","Hughes K","https://pubmed.ncbi.nlm.nih.gov/7653964/","7653964","No DOI available",,"No PMC available",,"Journal Article, Review",2
"41","Fruit Salad",35,"Coronary Disease",915,26,"Insights into the pathogenesis and prevention of coronary artery disease.","O'Keefe JH Jr, Lavie CJ Jr, McCallister BD","https://pubmed.ncbi.nlm.nih.gov/7808056/","7808056","https://doi.org/10.1016/S0025-6196(11)64669-7","10.1016/S0025-6196(11)64669-7","No PMC available",,"Journal Article, Review",2
"41","Fruit Salad",35,"Coronary Disease",915,27,"Diet and health: what should we eat?","Willett WC","https://pubmed.ncbi.nlm.nih.gov/8160011/","8160011","https://doi.org/10.1126/science.8160011","10.1126/science.8160011","No PMC available",,"Journal Article, Review",2
"41","Fruit Salad",35,"Coronary Disease",915,28,"What accounts for the association of vegetables and fruits with lower incidence of cancers and coronary heart disease?","Omenn GS","https://pubmed.ncbi.nlm.nih.gov/8520718/","8520718","https://doi.org/10.1016/1047-2797(95)90014-4","10.1016/1047-2797(95)90014-4","No PMC available",,"Comment, Editorial, Research Support, U.S. Gov't, P.H.S., Review",2
"41","Fruit Salad",35,"Coronary Disease",915,29,"Cost-effectiveness analysis in diagnosis of cardiac disease: overview of its rationale and method.","Patterson RE","https://pubmed.ncbi.nlm.nih.gov/8799253/","8799253","https://doi.org/10.1016/s1071-3581(96)90094-x","10.1016/s1071-3581(96)90094-x","No PMC available",,"Journal Article, Review",2
"41","Fruit Salad",35,"Coronary Disease",915,30,"Wine as a biological fluid: history, production, and role in disease prevention.","Soleas GJ, Diamandis EP, Goldberg DM","https://pubmed.ncbi.nlm.nih.gov/9292395/","9292395","https://doi.org/10.1002/(SICI)1098-2825(1997)11:5&#x0003c;287::AID-JCLA6&#x0003e;3.0.CO;2-4","10.1002/(SICI)1098-2825(1997)11:5&#x0003c;287::AID-JCLA6&#x0003e;3.0.CO;2-4","https://www.ncbi.nlm.nih.gov/pmc/articles/PMC6760744/","PMC6760744","Historical Article, Journal Article, Review",2
"41","Fruit Salad",35,"Coronary Disease",915,31,"Healthy traditional Mediterranean diet: an expression of culture, history, and lifestyle.","Trichopoulou A, Lagiou P","https://pubmed.ncbi.nlm.nih.gov/9420448/","9420448","https://doi.org/10.1111/j.1753-4887.1997.tb01578.x","10.1111/j.1753-4887.1997.tb01578.x","No PMC available",,"Journal Article, Review",2
"41","Fruit Salad",35,"Coronary Disease",915,32,"Vitamin E and coronary artery disease.","Spencer AP, Carson DS, Crouch MA","https://pubmed.ncbi.nlm.nih.gov/10386507/","10386507","https://doi.org/10.1001/archinte.159.12.1313","10.1001/archinte.159.12.1313","No PMC available",,"Journal Article, Review",2
"41","Fruit Salad",35,"Coronary Disease",915,33,"Impact of nondigestible carbohydrates on serum lipoproteins and risk for cardiovascular disease.","Anderson JW, Hanna TJ","https://pubmed.ncbi.nlm.nih.gov/10395621/","10395621","https://doi.org/10.1093/jn/129.7.1457S","10.1093/jn/129.7.1457S","No PMC available",,"Journal Article, Review",2
"41","Fruit Salad",35,"Coronary Disease",915,34,"[Disease prevention by vitamins based on epidemiological investigations in humans].","Hirohata T","https://pubmed.ncbi.nlm.nih.gov/10540893/","10540893","No DOI available",,"No PMC available",,"English Abstract, Journal Article, Review",2
"41","Fruit Salad",35,"Coronary Disease",915,35,"Vegetarian diet: panacea for modern lifestyle diseases?","Segasothy M, Phillips PA","https://pubmed.ncbi.nlm.nih.gov/10627874/","10627874","https://doi.org/10.1093/qjmed/92.9.531","10.1093/qjmed/92.9.531","No PMC available",,"Journal Article, Review",2
"41","Fruit Salad",35,"Coronary Disease",915,36,"The health benefits of wine.","German JB, Walzem RL","https://pubmed.ncbi.nlm.nih.gov/10940346/","10940346","https://doi.org/10.1146/annurev.nutr.20.1.561","10.1146/annurev.nutr.20.1.561","No PMC available",,"Journal Article, Review",2
"41","Fruit Salad",35,"Coronary Disease",915,37,"Relationships among diet, physical activity and other lifestyle factors and debilitating diseases in the elderly.","Woo J","https://pubmed.ncbi.nlm.nih.gov/11041086/","11041086","https://doi.org/10.1038/sj.ejcn.1601036","10.1038/sj.ejcn.1601036","No PMC available",,"Journal Article, Review",2
"41","Fruit Salad",35,"Coronary Disease",915,38,"The effects of plant flavonoids on mammalian cells: implications for inflammation, heart disease, and cancer.","Middleton E Jr, Kandaswami C, Theoharides TC","https://pubmed.ncbi.nlm.nih.gov/11121513/","11121513","No DOI available",,"No PMC available",,"Journal Article, Research Support, Non-U.S. Gov't, Review",2
"41","Fruit Salad",35,"Coronary Disease",915,39,"Prevention of cancer and other chronic diseases worldwide based on sound mechanisms.","Weisburger JH","https://pubmed.ncbi.nlm.nih.gov/11216509/","11216509","https://doi.org/10.1002/biof.5520120112","10.1002/biof.5520120112","No PMC available",,"Journal Article, Research Support, Non-U.S. Gov't, Review",2
"41","Fruit Salad",35,"Coronary Disease",915,40,"Mediterranean diet and longevity.","Trichopoulou A, Vasilopoulou E","https://pubmed.ncbi.nlm.nih.gov/11242471/","11242471","https://doi.org/10.1079/096582197388554","10.1079/096582197388554","No PMC available",,"Journal Article, Review",2
"41","Fruit Salad",35,"Coronary Disease",915,41,"Alcohol and mortality: if you drink, do not forget fruits and vegetables.","Suter PM","https://pubmed.ncbi.nlm.nih.gov/11570433/","11570433","https://doi.org/10.1111/j.1753-4887.2001.tb07020.x","10.1111/j.1753-4887.2001.tb07020.x","No PMC available",,"Journal Article, Review",2
"41","Fruit Salad",35,"Coronary Disease",915,42,"Coronary heart disease: dietary links and pathogenesis.","Renaud S, Lanzmann-Petithory D","https://pubmed.ncbi.nlm.nih.gov/11683541/","11683541","https://doi.org/10.1079/phn2001134","10.1079/phn2001134","No PMC available",,"Journal Article, Research Support, Non-U.S. Gov't, Review",2
"41","Fruit Salad",35,"Coronary Disease",915,43,"Vitamin E supplementation in the prevention of coronary heart disease.","Pruthi S, Allison TG, Hensrud DD","https://pubmed.ncbi.nlm.nih.gov/11702901/","11702901","https://doi.org/10.4065/76.11.1131","10.4065/76.11.1131","No PMC available",,"Journal Article, Review",2
"41","Fruit Salad",35,"Coronary Disease",915,44,"Dietary flavonoids and risk of coronary heart disease.","Mojzisová G, Kuchta M","https://pubmed.ncbi.nlm.nih.gov/11829313/","11829313","No DOI available",,"No PMC available",,"Journal Article, Review",2
"41","Fruit Salad",35,"Coronary Disease",915,45,"Potential health benefits from the flavonoids in grape products on vascular disease.","Folts JD","https://pubmed.ncbi.nlm.nih.gov/12083471/","12083471","https://doi.org/10.1007/978-1-4757-5235-9_9","10.1007/978-1-4757-5235-9_9","No PMC available",,"Journal Article, Review",2
"41","Fruit Salad",35,"Coronary Disease",915,46,"Dietary glycemic load and atherothrombotic risk.","Liu S, Willett WC","https://pubmed.ncbi.nlm.nih.gov/12361493/","12361493","https://doi.org/10.1007/s11883-002-0050-2","10.1007/s11883-002-0050-2","No PMC available",,"Journal Article, Review",2
"41","Fruit Salad",35,"Coronary Disease",915,47,"Diet and prevention of coronary heart disease in the Arab Middle East countries.","Musaiger AO","https://pubmed.ncbi.nlm.nih.gov/12444306/","12444306","https://doi.org/10.1159/000066415","10.1159/000066415","No PMC available",,"Journal Article, Review",2
"41","Fruit Salad",35,"Coronary Disease",915,48,"[Folic acid fortified food and their importance in health promotion].","Kunachowicz H, Nadolna I, Stoś K, Brozek A, Szponar L","https://pubmed.ncbi.nlm.nih.gov/15230103/","15230103","No DOI available",,"No PMC available",,"English Abstract, Journal Article, Review",2
"41","Fruit Salad",35,"Coronary Disease",915,49,"Dietary recommendations in the prevention and treatment of coronary heart disease: do we have the ideal diet yet?","Chahoud G, Aude YW, Mehta JL","https://pubmed.ncbi.nlm.nih.gov/15541241/","15541241","https://doi.org/10.1016/j.amjcard.2004.07.109","10.1016/j.amjcard.2004.07.109","No PMC available",,"Journal Article, Review",2
"41","Fruit Salad",35,"Coronary Disease",915,50,"Health effects of phytoestrogens.","Branca F, Lorenzetti S","https://pubmed.ncbi.nlm.nih.gov/15702593/","15702593","https://doi.org/10.1159/000083773","10.1159/000083773","No PMC available",,"Journal Article, Review",2
"41","Fruit Salad",35,"Coronary Disease",915,51,"Does alpha-linolenic acid intake reduce the risk of coronary heart disease? A review of the evidence.","Mozaffarian D","https://pubmed.ncbi.nlm.nih.gov/15945135/","15945135","No DOI available",,"No PMC available",,"Journal Article, Research Support, N.I.H., Extramural, Research Support, Non-U.S. Gov't, Research Support, U.S. Gov't, P.H.S., Review",2
"41","Fruit Salad",35,"Coronary Disease",915,52,"Reducing hypertensive cardiovascular disease risk of African Americans with diet: focus on the facts.","Reusser ME, McCarron DA","https://pubmed.ncbi.nlm.nih.gov/16549487/","16549487","https://doi.org/10.1093/jn/136.4.1099","10.1093/jn/136.4.1099","No PMC available",,"Journal Article, Review",2
"41","Fruit Salad",35,"Coronary Disease",915,53,"What should we eat? Evidence from observational studies.","Adams SM, Standridge JB","https://pubmed.ncbi.nlm.nih.gov/16866057/","16866057","https://doi.org/10.1097/01.smj.0000220887.52952.f0","10.1097/01.smj.0000220887.52952.f0","No PMC available",,"Journal Article, Review",2
"41","Fruit Salad",35,"Coronary Disease",915,54,"The effects of macronutrients on blood pressure and lipids: an overview of the DASH and OmniHeart trials.","Miller ER 3rd, Erlinger TP, Appel LJ","https://pubmed.ncbi.nlm.nih.gov/17045071/","17045071","https://doi.org/10.1007/s11883-006-0020-1","10.1007/s11883-006-0020-1","No PMC available",,"Journal Article, Review",2
"41","Fruit Salad",35,"Coronary Disease",915,55,"Plant-based diets and control of lipids and coronary heart disease risk.","Rao V, Al-Weshahy A","https://pubmed.ncbi.nlm.nih.gov/18937895/","18937895","https://doi.org/10.1007/s11883-008-0075-2","10.1007/s11883-008-0075-2","No PMC available",,"Journal Article, Review",2
"41","Fruit Salad",35,"Coronary Disease",915,56,"Diet and lifestyle measures to protect the ageing heart.","Stanner S","https://pubmed.ncbi.nlm.nih.gov/19421086/","19421086","https://doi.org/10.12968/bjcn.2009.14.5.42080","10.12968/bjcn.2009.14.5.42080","No PMC available",,"Journal Article, Review",2
"41","Fruit Salad",35,"Coronary Disease",915,57,"Diet and lifestyle influences on risk of coronary heart disease.","Hu FB","https://pubmed.ncbi.nlm.nih.gov/19500488/","19500488","https://doi.org/10.1007/s11883-009-0040-8","10.1007/s11883-009-0040-8","No PMC available",,"Journal Article, Review",2
"41","Fruit Salad",35,"Coronary Disease",915,58,"Fruits, vegetables and coronary heart disease.","Dauchet L, Amouyel P, Dallongeville J","https://pubmed.ncbi.nlm.nih.gov/19652655/","19652655","https://doi.org/10.1038/nrcardio.2009.131","10.1038/nrcardio.2009.131","No PMC available",,"Journal Article, Review",2
"41","Fruit Salad",35,"Coronary Disease",915,59,"Nutritional recommendations for preventing coronary heart disease in women: evidence concerning whole foods and supplements.","Eilat-Adar S, Goldbourt U","https://pubmed.ncbi.nlm.nih.gov/20554172/","20554172","https://doi.org/10.1016/j.numecd.2010.01.011","10.1016/j.numecd.2010.01.011","No PMC available",,"Journal Article, Review",2
"41","Fruit Salad",35,"Coronary Disease",915,60,"Botanical flavonoids on coronary heart disease.","Wang CZ, Mehendale SR, Calway T, Yuan CS","https://pubmed.ncbi.nlm.nih.gov/21721147/","21721147","https://doi.org/10.1142/S0192415X1100910X","10.1142/S0192415X1100910X","https://www.ncbi.nlm.nih.gov/pmc/articles/PMC3277260/","PMC3277260","Journal Article, Research Support, N.I.H., Extramural, Review",2
"41","Fruit Salad",35,"Coronary Disease",915,61,"Dietary recommendations to prevent coronary heart disease.","Brown WV","https://pubmed.ncbi.nlm.nih.gov/2174214/","2174214","https://doi.org/10.1111/j.1749-6632.1990.tb42308.x","10.1111/j.1749-6632.1990.tb42308.x","No PMC available",,"Journal Article",0
"41","Fruit Salad",35,"Coronary Disease",915,62,"Trends in CHD in the United States.","Higgins M, Thom T","https://pubmed.ncbi.nlm.nih.gov/2807708/","2807708","No DOI available",,"No PMC available",,"Journal Article",0
"41","Fruit Salad",35,"Coronary Disease",915,63,"Changes in the dietary habits of male workers in Warsaw plants over a period of four years.","Kulesza W, Rywik S, Chwojnowska Z, Radzanowska J, Marczuk A","https://pubmed.ncbi.nlm.nih.gov/6881959/","6881959","https://doi.org/10.1016/s0195-6663(83)80044-0","10.1016/s0195-6663(83)80044-0","No PMC available",,"Journal Article",0
"41","Fruit Salad",35,"Coronary Disease",915,64,"A preliminary study of potential dietary risk factors for coronary heart disease among Chinese American adolescents.","Sun WY, Chen WW","https://pubmed.ncbi.nlm.nih.gov/7877278/","7877278","https://doi.org/10.1111/j.1746-1561.1994.tb06207.x","10.1111/j.1746-1561.1994.tb06207.x","No PMC available",,"Journal Article",0
"41","Fruit Salad",35,"Coronary Disease",915,65,"[Phenolic acid intake of adults in a Bavarian subgroup of the national food consumption survey].","Radtke J, Linseisen J, Wolfram G","https://pubmed.ncbi.nlm.nih.gov/9698647/","9698647","https://doi.org/10.1007/s003940050016","10.1007/s003940050016","No PMC available",,"English Abstract, Journal Article",0
"41","Fruit Salad",35,"Coronary Disease",915,66,"Frequent nut consumption and risk of coronary heart disease in women: prospective cohort study.","Hu FB, Stampfer MJ, Manson JE, Rimm EB, Colditz GA, Rosner BA, Speizer FE, Hennekens CH, Willett WC","https://pubmed.ncbi.nlm.nih.gov/9812929/","9812929","https://doi.org/10.1136/bmj.317.7169.1341","10.1136/bmj.317.7169.1341","https://www.ncbi.nlm.nih.gov/pmc/articles/PMC28714/","PMC28714","Journal Article, Research Support, U.S. Gov't, P.H.S.",0
"41","Fruit Salad",35,"Coronary Disease",915,67,"[Carotenoid intake in the German National Food Consumption Survey].","Pelz R, Schmidt-Faber B, Heseker H","https://pubmed.ncbi.nlm.nih.gov/9894680/","9894680","https://doi.org/10.1007/s003940050032","10.1007/s003940050032","No PMC available",,"English Abstract, Journal Article",0
"41","Fruit Salad",35,"Coronary Disease",915,68,"The effect of fruit and vegetable intake on risk for coronary heart disease.","Joshipura KJ, Hu FB, Manson JE, Stampfer MJ, Rimm EB, Speizer FE, Colditz G, Ascherio A, Rosner B, Spiegelman D, Willett WC","https://pubmed.ncbi.nlm.nih.gov/11412050/","11412050","https://doi.org/10.7326/0003-4819-134-12-200106190-00010","10.7326/0003-4819-134-12-200106190-00010","No PMC available",,"Journal Article, Research Support, Non-U.S. Gov't, Research Support, U.S. Gov't, P.H.S.",0
"41","Fruit Salad",35,"Coronary Disease",915,69,"Summaries for patients. Eating fruits and vegetables helps prevent coronary heart disease.","","https://pubmed.ncbi.nlm.nih.gov/11419416/","11419416","https://doi.org/10.7326/0003-4819-134-12-200106190-00005","10.7326/0003-4819-134-12-200106190-00005","No PMC available",,"Journal Article",0
"41","Fruit Salad",35,"Coronary Disease",915,70,"The stages of change for dietary fat and fruit and vegetable intake of patients at the outset of a cardiac rehabilitation program.","Frame CJ, Green CG, Herr DG, Myers JE, Taylor ML","https://pubmed.ncbi.nlm.nih.gov/11523497/","11523497","https://doi.org/10.4278/0890-1171-15.6.405","10.4278/0890-1171-15.6.405","No PMC available",,"Journal Article, Research Support, Non-U.S. Gov't",0
"41","Fruit Salad",35,"Coronary Disease",915,71,"[Lipid and lipoprotein profile of Chinese immigrants living in Costa Rica].","Holst I, Monge-Rojas R, Marín RM, Hidalgo K, Kelly M","https://pubmed.ncbi.nlm.nih.gov/12448340/","12448340","No DOI available",,"No PMC available",,"Journal Article, Research Support, Non-U.S. Gov't",0
"41","Fruit Salad",35,"Coronary Disease",915,72,"Recommendations by health organizations for pulse consumption.","Leterme P","https://pubmed.ncbi.nlm.nih.gov/12498622/","12498622","https://doi.org/10.1079/BJN2002712","10.1079/BJN2002712","No PMC available",,"Journal Article",0
"41","Fruit Salad",35,"Coronary Disease",915,73,"Dietary intake and risk of coronary heart disease differ among ethnic subgroups of black Americans.","Lancaster KJ, Watts SO, Dixon LB","https://pubmed.ncbi.nlm.nih.gov/16424126/","16424126","https://doi.org/10.1093/jn/136.2.446","10.1093/jn/136.2.446","No PMC available",,"Journal Article",0
"41","Fruit Salad",35,"Coronary Disease",915,74,"Dietary habits, plasma polyunsaturated fatty acids and selected coronary disease risk factors in Tanzania.","Njelekela M, Ikeda K, Mtabaji J, Yamori Y","https://pubmed.ncbi.nlm.nih.gov/16463751/","16463751","https://doi.org/10.4314/eamj.v82i11.9412","10.4314/eamj.v82i11.9412","No PMC available",,"Journal Article, Research Support, Non-U.S. Gov't",0
"41","Fruit Salad",35,"Coronary Disease",915,75,"Health benefits of nuts: potential role of antioxidants.","Blomhoff R, Carlsen MH, Andersen LF, Jacobs DR Jr","https://pubmed.ncbi.nlm.nih.gov/17125534/","17125534","https://doi.org/10.1017/bjn20061864","10.1017/bjn20061864","No PMC available",,"Journal Article, Research Support, Non-U.S. Gov't",0
"41","Fruit Salad",35,"Coronary Disease",915,76,"Fruit and vegetable intake and the risk for developing coronary heart disease.","Nikolić M, Nikić D, Petrović B","https://pubmed.ncbi.nlm.nih.gov/18459474/","18459474","https://doi.org/10.21101/cejph.a3442","10.21101/cejph.a3442","No PMC available",,"Journal Article",0
"41","Fruit Salad",35,"Coronary Disease",915,77,"Session 4: CVD, diabetes and cancer: Evidence for the use of the Mediterranean diet in patients with CHD.","McKeown PP, Logan K, McKinley MC, Young IS, Woodside JV","https://pubmed.ncbi.nlm.nih.gov/20003638/","20003638","https://doi.org/10.1017/S0029665109991856","10.1017/S0029665109991856","No PMC available",,"Journal Article",0
"41","Fruit Salad",35,"Coronary Disease",915,78,"Lifestyle behaviors associated with secondary prevention of coronary heart disease among California adults.","Bellow A, Epstein JF, Parikh-Patel A","https://pubmed.ncbi.nlm.nih.gov/21324245/","21324245","No DOI available",,"https://www.ncbi.nlm.nih.gov/pmc/articles/PMC3073424/","PMC3073424","Journal Article, Research Support, U.S. Gov't, P.H.S.",0
"41","Fruit Salad",35,"Coronary Disease",915,79,"Mediterranean diet and CHD: the Greek European Prospective Investigation into Cancer and Nutrition cohort.","Dilis V, Katsoulis M, Lagiou P, Trichopoulos D, Naska A, Trichopoulou A","https://pubmed.ncbi.nlm.nih.gov/22894912/","22894912","https://doi.org/10.1017/S0007114512001821","10.1017/S0007114512001821","No PMC available",,"Journal Article, Research Support, Non-U.S. Gov't",0
"41","Fruit Salad",35,"Coronary Disease",915,80,"Healthful and Unhealthful Plant-Based Diets and the Risk of Coronary Heart Disease in U.S. Adults.","Satija A, Bhupathiraju SN, Spiegelman D, Chiuve SE, Manson JE, Willett W, Rexrode KM, Rimm EB, Hu FB","https://pubmed.ncbi.nlm.nih.gov/28728684/","28728684","https://doi.org/10.1016/j.jacc.2017.05.047","10.1016/j.jacc.2017.05.047","https://www.ncbi.nlm.nih.gov/pmc/articles/PMC5555375/","PMC5555375","Journal Article",0
"41","Fruit Salad",35,"Coronary Disease",915,81,"CHD Risk Minimization through Lifestyle Control: Machine Learning Gateway.","He X, Matam BR, Bellary S, Ghosh G, Chattopadhyay AK","https://pubmed.ncbi.nlm.nih.gov/32139725/","32139725","https://doi.org/10.1038/s41598-020-60786-w","10.1038/s41598-020-60786-w","https://www.ncbi.nlm.nih.gov/pmc/articles/PMC7058059/","PMC7058059","Journal Article",0
"41","Fruit Salad",35,"Coronary Disease",915,82,"Consumption of flavonoid-rich fruits and risk of CHD: a prospective cohort study.","Yang Y, Dong JY, Cui R, Muraki I, Yamagishi K, Sawada N, Iso H, Tsugane S, Japan Public Health Center-based Prospective Study Group","https://pubmed.ncbi.nlm.nih.gov/32513342/","32513342","https://doi.org/10.1017/S0007114520001993","10.1017/S0007114520001993","No PMC available",,"Journal Article, Research Support, Non-U.S. Gov't",0
"41","Fruit Salad",35,"Coronary Disease",915,83,"Exploring the underlying mechanisms of Danshen-Shanzha Decoction on coronary heart disease: An integrated analysis combining pharmacoinformatics and experimental validation.","Feng T, Xu Q, Yu Z, Song F, Luo Q, Wang S, Tang H, Li H","https://pubmed.ncbi.nlm.nih.gov/39244177/","39244177","https://doi.org/10.1016/j.jep.2024.118779","10.1016/j.jep.2024.118779","No PMC available",,"Journal Article",0
"43","Sharon",35,"Coronary Disease",20,1,"HealthMap: a cluster randomised trial of interactive health plans and self-management support to prevent coronary heart disease in people with HIV.","Dodson S, Klassen KM, McDonald K, Millard T, Osborne RH, Battersby MW, Fairley CK, Simpson JA, Lorgelly P, Tonkin A, Roney J, Slavin S, Sterjovski J, Brereton M, Lewin SR, Crooks L, Watson J, Kidd MR, Williams I, Elliott JH","https://pubmed.ncbi.nlm.nih.gov/26945746/","26945746","https://doi.org/10.1186/s12879-016-1422-5","10.1186/s12879-016-1422-5","https://www.ncbi.nlm.nih.gov/pmc/articles/PMC4779564/","PMC4779564","Journal Article, Randomized Controlled Trial, Research Support, Non-U.S. Gov't",4
"43","Sharon",35,"Coronary Disease",20,2,"Acetaminophen and experimental acute myocardial infarction.","Hale SL, Kloner RA","https://pubmed.ncbi.nlm.nih.gov/15162073/","15162073","https://doi.org/10.1023/B:CARD.0000029029.90975.51","10.1023/B:CARD.0000029029.90975.51","No PMC available",,"Journal Article, Research Support, Non-U.S. Gov't",0
"44","Apple with Pear",35,"Coronary Disease",1,1,"Consumption of flavonoid-rich fruits and risk of CHD: a prospective cohort study.","Yang Y, Dong JY, Cui R, Muraki I, Yamagishi K, Sawada N, Iso H, Tsugane S, Japan Public Health Center-based Prospective Study Group","https://pubmed.ncbi.nlm.nih.gov/32513342/","32513342","https://doi.org/10.1017/S0007114520001993","10.1017/S0007114520001993","No PMC available",,"Journal Article, Research Support, Non-U.S. Gov't",0
"47","Tangerine",35,"Coronary Disease",14,1,"Acute myocardial infarction associated with dietary supplements containing 1,3-dimethylamylamine and Citrus aurantium.","Smith TB, Staub BA, Natarajan GM, Lasorda DM, Poornima IG","https://pubmed.ncbi.nlm.nih.gov/24512406/","24512406","https://doi.org/10.14503/THIJ-12-2870","10.14503/THIJ-12-2870","https://www.ncbi.nlm.nih.gov/pmc/articles/PMC3967491/","PMC3967491","Case Reports, Journal Article",2
"47","Tangerine",35,"Coronary Disease",14,2,"Grapefruit pectin inhibits hypercholesterolemia and atherosclerosis in miniature swine.","Baekey PA, Cerda JJ, Burgin CW, Robbins FL, Rice RW, Baumgartner TG","https://pubmed.ncbi.nlm.nih.gov/2852566/","2852566","https://doi.org/10.1002/clc.4960110903","10.1002/clc.4960110903","No PMC available",,"Journal Article, Research Support, Non-U.S. Gov't",0
"47","Tangerine",35,"Coronary Disease",14,3,"Inhibition of atherosclerosis by dietary pectin in microswine with sustained hypercholesterolemia.","Cerda JJ, Normann SJ, Sullivan MP, Burgin CW, Robbins FL, Vathada S, Leelachaikul P","https://pubmed.ncbi.nlm.nih.gov/8124813/","8124813","https://doi.org/10.1161/01.cir.89.3.1247","10.1161/01.cir.89.3.1247","No PMC available",,"Journal Article, Research Support, Non-U.S. Gov't",0
"47","Tangerine",35,"Coronary Disease",14,4,"Naringenin inhibits angiotensin II-induced vascular smooth muscle cells proliferation and migration and decreases neointimal hyperplasia in balloon injured rat carotid arteries through suppressing oxidative stress.","Xu C, Chen J, Zhang J, Hu X, Zhou X, Lu Z, Jiang H","https://pubmed.ncbi.nlm.nih.gov/23912743/","23912743","https://doi.org/10.1248/bpb.b13-00247","10.1248/bpb.b13-00247","No PMC available",,"Journal Article, Research Support, Non-U.S. Gov't",0
"47","Tangerine",35,"Coronary Disease",14,5,"Quantity and variety in fruit and vegetable intake and risk of coronary heart disease.","Bhupathiraju SN, Wedick NM, Pan A, Manson JE, Rexrode KM, Willett WC, Rimm EB, Hu FB","https://pubmed.ncbi.nlm.nih.gov/24088718/","24088718","https://doi.org/10.3945/ajcn.113.066381","10.3945/ajcn.113.066381","https://www.ncbi.nlm.nih.gov/pmc/articles/PMC3831537/","PMC3831537","Journal Article, Research Support, N.I.H., Extramural, Research Support, Non-U.S. Gov't",0
"47","Tangerine",35,"Coronary Disease",14,6,"Preventive effect of yuzu and hesperidin on left ventricular remodeling and dysfunction in rat permanent left anterior descending coronary artery occlusion model.","Yu HY, Ahn JH, Park SW, Jung YS","https://pubmed.ncbi.nlm.nih.gov/25559243/","25559243","https://doi.org/10.1371/journal.pone.0110596","10.1371/journal.pone.0110596","https://www.ncbi.nlm.nih.gov/pmc/articles/PMC4283954/","PMC4283954","Journal Article, Research Support, Non-U.S. Gov't",0